file_name,label,feature_0,feature_1,feature_2,feature_3,feature_4,feature_5,feature_6,feature_7,feature_8,feature_9,feature_10,feature_11,feature_12,feature_13,feature_14,feature_15,feature_16,feature_17,feature_18,feature_19,feature_20,feature_21,feature_22,feature_23,feature_24,feature_25,feature_26,feature_27,feature_28,feature_29,feature_30,feature_31,feature_32,feature_33,feature_34,feature_35,feature_36,feature_37,feature_38,feature_39,feature_40,feature_41,feature_42,feature_43,feature_44,feature_45,feature_46,feature_47,feature_48,feature_49,feature_50,feature_51,feature_52,feature_53,feature_54,feature_55,feature_56,feature_57,feature_58,feature_59,feature_60,feature_61,feature_62,feature_63,feature_64,feature_65,feature_66,feature_67,feature_68,feature_69,feature_70,feature_71,feature_72,feature_73,feature_74,feature_75,feature_76,feature_77,feature_78,feature_79,feature_80,feature_81,feature_82,feature_83,feature_84,feature_85,feature_86,feature_87,feature_88,feature_89,feature_90,feature_91,feature_92,feature_93,feature_94,feature_95,feature_96,feature_97,feature_98,feature_99,feature_100,feature_101,feature_102,feature_103,feature_104,feature_105
sample1.wav,0,0.6379271235822199,0.3679998120881143,0.5547821987207939,0.39855353190891646,0.4302094976776127,0.7270918112277263,0.5811673488190097,0.5751670104441858,0.5204109724589141,0.3922936105136889,0.60516059473727,0.3771588349649082,0.37663035755019564,0.6449955640316992,0.5000416810975454,0.5433238808376086,0.4785389946787463,0.5131730750920547,0.6217863798608678,0.49361291366367904,0.6184820643828843,0.47425125598067946,0.4236384793733877,0.719826079721033,0.7039403421833569,0.534230095467175,0.45784810329024234,0.4823158016788129,0.5514650653565112,0.3993919858196654,0.5151971304190565,0.4222065533595275,0.5190907988474269,0.48076818636317586,0.4031816882744069,0.685498435101971,0.5232139656117039,0.24362360820625617,0.4392954400370798,0.545485327021105,0.43271095321772524,0.5065370382523988,0.33105163538835136,0.31951208424430044,0.4181059671128535,0.6411789934777391,0.5836786533146139,0.4672862581390692,0.546709736026441,0.47336115561302045,0.5278316537978318,0.333510256195079,0.5178914985283603,0.632985342802035,0.22601413382689994,0.48697091853729935,0.5068129298123482,0.5461547057613056,0.3914519921525168,0.48999935346229606,0.536139547045946,0.30585745502005424,0.43795692794939145,0.48224366618968806,0.6434035281136943,0.5494909827199996,0.5355941836220474,0.5195472039202998,0.43580079706019903,0.45395022093483367,0.3560023542875167,0.6434666762713734,0.5078696998302794,0.5031966882461973,0.544510592236866,0.4011392905682711,0.5700118166257068,0.4329938742083418,0.4054091810309663,0.498420111282102,0.295968630104304,0.37588051988257987,0.6634064587132263,0.2983788266771329,0.31070372162495097,0.44669675027345246,0.37195785107664203,0.49853180364626676,0.48516230730130855,0.6238623067780369,0.48782146607796617,0.480399437899349,0.5451440669104265,0.5323796818492362,0.4259559934775283,0.568688602347635,0.5891208225105843,0.41283401853385004,0.6032677457904013,0.7114993385709172,0.44822302424562344,0.5532968002866496,0.5935268660109586,0.58785274945842,0.3472646837398441,0.5357575476291019
sample2.wav,1,0.3117798060582196,0.6081986907386338,0.4683978157416459,0.37724567960430977,0.5042146163032849,0.5739768973080679,0.7216566192728974,0.21408839481362157,0.3968001329526554,0.43385179335813784,0.3708565726777303,0.5683273774874296,0.3660605913971887,0.5222563109809101,0.486084352733967,0.6148748758649161,0.7073123549726743,0.4368624292335378,0.48143907645269474,0.4440278554642745,0.7039877879743637,0.4955264593052514,0.49489153944860825,0.546208689822296,0.472724531363489,0.27278821544563936,0.4396881403411105,0.7006335904497337,0.5863989930239075,0.4340151308931659,0.39740600876050847,0.5150899372109661,0.6114201462477751,0.4740793632544703,0.6176421333535245,0.2779695658347431,0.4709491943928413,0.6056190749467054,0.4283778002732689,0.6043152160569095,0.5204491027049747,0.500167177195003,0.542828696692009,0.6415196808851752,0.6336252834392607,0.5483590776822138,0.4188304149618968,0.5831502330337961,0.3594792461978874,0.6218514618761722,0.5754498795914591,0.4842332695398653,0.5606826185587881,0.6812267080998187,0.4812356161253967,0.6606409131597036,0.5484200774510927,0.6789472669772116,0.4329470564217885,0.4335944018119601,0.3329068768849516,0.6984449066152785,0.39183116593793704,0.5572032037481852,0.4030991257979584,0.6253227008437595,0.41665387196190545,0.5783325398523883,0.4916023735583073,0.39170963736377523,0.5814144991676254,0.5348985090161749,0.5682878392116533,0.3809698833519513,0.3095144486699083,0.15527938800554214,0.6058526193739318,0.7115758003711375,0.29329092980093885,0.49597800065737385,0.6030872406095151,0.5268867613647809,0.5241952970738375,0.5333268643387946,0.5125250514986792,0.5973750971303546,0.6526623296842485,0.49135674048228395,0.4230867272701642,0.6608121901183752,0.5377477848759817,0.6364559240747452,0.3414304866064092,0.679168643290127,0.6110431699291043,0.36597887170016663,0.39779100254418065,0.40198104856967704,0.47460081158297945,0.5691852193924982,0.47605914480026085,0.6864089651929606,0.29455576368871916,0.39331075802981497,0.46803055371832264,0.6626224135742236
sample3.wav,0,0.7189767389361846,0.4796413258865114,0.5787726889810025,0.5558442709551905,0.5101617351030345,0.3959324751212555,0.4747246173993518,0.6193956511275281,0.4230998393987001,0.41814902567556544,0.5354481409373868,0.5611821206832969,0.41335696207986816,0.5552249471074348,0.46429287777481754,0.6259880615913681,0.4811868922075063,0.3831033100896183,0.555056396775306,0.5200821283150356,0.5206911842653625,0.674207879887421,0.40665816260177906,0.5784935766847268,0.4989477009789622,0.5656894286111654,0.4569025452523409,0.4693952781783108,0.6041211332207662,0.5543970130717902,0.5795724473827251,0.6225536534454554,0.4288158616680481,0.499530428432393,0.49905897380156167,0.42795485467164623,0.5683753390241469,0.5054457525079453,0.5004170932885269,0.5833606632203518,0.5332351755589442,0.42272203580837,0.5073111265478807,0.6563379592833484,0.3571092916641839,0.48083384293715975,0.4064435606198705,0.6091748238168277,0.4237787549208805,0.46842885791055566,0.5221617102510839,0.5444726777529187,0.44170355896472974,0.5608020290514653,0.586238865793021,0.3368894624033537,0.4881312087790436,0.48299613835735095,0.4183558833869505,0.4270086048139226,0.504969151216994,0.44878256598426824,0.45266088999892096,0.6678406800994032,0.3431230071198088,0.6087626773232061,0.5671089004167491,0.4255075724161135,0.315178664600265,0.6689328656999372,0.4523593541085884,0.6258885119333218,0.508600261605987,0.45752451597952065,0.5798419704233295,0.5190860017433546,0.644628550051849,0.36259981563159377,0.6721519992555112,0.5573352715875683,0.5250546350260511,0.5718943006920852,0.4409255200387634,0.323987388327555,0.533868170073654,0.49260681560146274,0.5765880498930512,0.5442881296313605,0.42137751254807276,0.347206256711042,0.5390701903253582,0.35915269029379504,0.370724480073526,0.4685326134003518,0.44785457448031973,0.4755896945655462,0.4453888157500341,0.5270648664914132,0.5609116041170357,0.638102789879283,0.5133665121598845,0.5235630382932249,0.6332990145300843,0.4968637076543056,0.5833757762003154,0.45849844865984646
sample4.wav,1,0.5352381658927264,0.5700759561470473,0.4583739590926234,0.5175070049372342,0.7030456171556949,0.5637304764711644,0.3775308698234195,0.4041654685425855,0.43435032242372523,0.6243229991162235,0.6448462682423578,0.6513821851139339,0.3844877028695928,0.6464046563986994,0.4243245701579417,0.4662765354232313,0.273125833738562,0.6106181609349275,0.46901362152747506,0.46955361977494536,0.45750874252593404,0.41000636864523393,0.5441869700255387,0.6754799076863529,0.6310555065387667,0.278071984179915,0.5755784853532784,0.45043481354616816,0.5029155714267197,0.5527609731343522,0.5272763697332387,0.44665304158973906,0.5695127929017691,0.4503714359746665,0.5849945493187605,0.4790432329216934,0.6483470664381302,0.4730320505097293,0.5935850836016211,0.5331836593431799,0.3470222258998369,0.6142306258352472,0.5758241512705885,0.5794390303488615,0.5681673886525495,0.5639431475822385,0.43130819485597494,0.5766849285058335,0.47583596946248946,0.38066302529041096,0.5344930364804154,0.3953601803547403,0.4716865106523542,0.6174637126280265,0.6308801521936565,0.45740627683938645,0.621394406651517,0.5047066479533451,0.37831060303710246,0.5672573560427354,0.6240328623704827,0.5185304876214814,0.4969036725627098,0.45885555216534313,0.5039455750770162,0.38977312224062866,0.5214125642071439,0.170377369700694,0.332312063363021,0.4588659008935763,0.3186139433761719,0.5949245615843408,0.35726582112172656,0.5408537467044592,0.4226073853039149,0.7453276028399914,0.5398968876031932,0.49197670863903636,0.561668921349525,0.5592002188473519,0.4038956559489997,0.5974251019629069,0.6491062531786488,0.5263189143068367,0.20289945938563164,0.48639542204885955,0.6027232418994539,0.3448821005298742,0.5581559700858252,0.5556365850721184,0.5138103599934619,0.6427722342393961,0.5607067707688003,0.545745132862006,0.632798593747415,0.503417849561335,0.6295492268796005,0.43251990402626583,0.516559513778314,0.4636637150404501,0.5515342848492768,0.5194730632199961,0.5686393580097545,0.3258675354079203,0.48806827105333384,0.6134123727692891
sample5.wav,0,0.6694355425810783,0.6046031981858424,0.2560808768807209,0.496192973545471,0.4835072928073846,0.5711634825766609,0.4603112494239139,0.4237000834734932,0.6409976981589071,0.5190021600316133,0.5731181815231077,0.5710527854625659,0.43244287727167047,0.642887724844599,0.5127076817785837,0.3851168004790706,0.4927352581799233,0.43089511481059606,0.40633537328054636,0.45757326925728714,0.38764051250740483,0.41933309223941917,0.45890444463335106,0.5355609798229625,0.5043140690391629,0.5663312217478161,0.2786242276479548,0.4321979700206835,0.4626977998716962,0.356595361151715,0.6594388002740639,0.6534749298088045,0.3392644579571161,0.5164161273833378,0.38420694251306653,0.5829749432480218,0.4867522598799168,0.44279931327731126,0.3614353321727704,0.3092657744482403,0.5195950593523239,0.5677034254641457,0.42543470194102617,0.47526475985278,0.4473039156556391,0.2659217446967998,0.30575969742491993,0.5417652371749767,0.36462190566302555,0.33264629521168343,0.44856104385796913,0.6360320052235813,0.5621928596650133,0.474319317842259,0.2953138958117161,0.5373146544344591,0.5231515301570816,0.4177755131610412,0.5632757867193681,0.41940759811865086,0.4987235121756703,0.42765500876508356,0.4241434849409661,0.5447759505324782,0.42028722929881573,0.31668369716343936,0.5102538730241728,0.5952791312827891,0.6200651186351351,0.45058499692271575,0.66210523138084,0.3973986299447402,0.5203881391332659,0.5950548375010982,0.5559888485318821,0.6998302502225313,0.4013144758540983,0.554366238857937,0.6374635799186823,0.41956107622393557,0.5921626524369038,0.5942424164271812,0.5407084758759959,0.4101463848985262,0.38302752356417075,0.40024748114968317,0.5463558922126981,0.5952055753418397,0.3020249951744718,0.4233840622110944,0.6251917086206502,0.7165956506030934,0.42699012669085457,0.3994737098478545,0.5138047626587009,0.510687002841534,0.5017288746803802,0.4767394911273203,0.4609491914488618,0.44196192194225625,0.5350480684158317,0.5708984812051885,0.39751765411390805,0.47532704797201064,0.41338314492644607,0.7366960083843344
sample6.wav,1,0.44242628849404914,0.4414167864367765,0.5624843049145186,0.4023577329618151,0.5552072188814204,0.43428413265524873,0.619898289720175,0.4538614934552159,0.29482366911733104,0.4929626748066015,0.5026492428141424,0.604650485470551,0.531459500774878,0.4865281913575007,0.5156122865322392,0.5532444996199255,0.41424999115638134,0.46310835514988824,0.6022614416518137,0.42799814659224994,0.49007118198798627,0.4598785307515392,0.3680907521214034,0.5682597326102365,0.41247854090287794,0.4251294845038909,0.5327179973092104,0.5846119380269579,0.3745284932427011,0.4524393190873134,0.5662449616634045,0.40455645171678867,0.6688541334638751,0.48458071224840665,0.6387876908680339,0.5077504747542197,0.4270256313288054,0.43810012760138695,0.5289129458211248,0.4932834708257414,0.4430534381048531,0.4505444883193583,0.5175585924005489,0.5316416984223369,0.4507734508141999,0.49186639051648035,0.4819911528168705,0.18965370238207024,0.5898792652350062,0.4839079400035318,0.5991229348275336,0.4988048288223096,0.42586934149091416,0.41963337738478435,0.5594576509233495,0.521649154200077,0.557948456450732,0.44837803040761437,0.42350844506818597,0.7052962165435105,0.5249212285693228,0.27486937243230947,0.4352749857635956,0.3965203219867558,0.5402951679721607,0.5333854780808407,0.40190026013048197,0.38565546134583706,0.5021907403158948,0.42786245229281794,0.5052962226508437,0.44533588123809575,0.594358706625512,0.3849267101074364,0.4410595544468221,0.6022819818417078,0.5246427356894748,0.5012654530991645,0.45443072432867143,0.39541642494220713,0.5409820356165208,0.4718852615104489,0.5478696561467583,0.512195555177239,0.41052835497610024,0.5895290122938512,0.4040278475549576,0.4972086736068782,0.23869612685037694,0.6863960993421742,0.6370372441608653,0.5297939192126732,0.4730759682850406,0.6202360636865183,0.6839412648800317,0.7607391555261063,0.44960666098713115,0.5647809123740093,0.6117916490030286,0.31211269043878376,0.4321541006002122,0.6479804032844629,0.44110309052657776,0.723045602367473,0.5312196335816005,0.4045686331376461
sample7.wav,0,0.36641197553599414,0.5275608574671702,0.41771945549632983,0.5500513826788735,0.5886208170450268,0.6056314921948166,0.38313190636467714,0.4001636465720913,0.4552111749027653,0.35259642709953776,0.5597125738850207,0.5351014432077887,0.5910178029347207,0.33884810898340556,0.6120772638778187,0.4748230588619523,0.3015847259263641,0.5777630555800567,0.3836911886204337,0.2821886606147228,0.5992187171671529,0.620990829575238,0.46567496644536827,0.41937662585624064,0.6474871467390266,0.6734562357379026,0.611736070706921,0.5027383371937022,0.521442429559086,0.35988933841350557,0.5150176812045922,0.4423306181918084,0.3953291629644883,0.5667190858144627,0.4953915341896819,0.535214613104576,0.4275691671381774,0.5695176039958563,0.41022685290359634,0.42861666233337237,0.4892293053394736,0.6716405596604382,0.5583348622783313,0.45626609036831667,0.5018766691205614,0.5087717756048906,0.6703531055313847,0.3902907403458397,0.4440353908262388,0.4587958923289867,0.4966124329869664,0.45926198543759233,0.4690435828679669,0.5363010191152005,0.6031893736093233,0.5955236633920915,0.46057330373386496,0.6087501290881555,0.6004426049022636,0.5249443324059083,0.5190053652554507,0.49359453391596053,0.4249874674856708,0.5310574130886744,0.3976055922018915,0.5712341779592406,0.5001600767607183,0.3622459834852426,0.500750983192786,0.4421724317796814,0.6114821906361136,0.5621129418103445,0.5426251059248265,0.5387817504232093,0.5523338032333491,0.4696137662202468,0.546056929500213,0.4034261800961834,0.5559017225868343,0.4289373195641641,0.4733460073506182,0.3968088937226216,0.5724684960705508,0.6668832332271246,0.5046076345767007,0.5118690719239765,0.6169656675030213,0.46868745863202615,0.45380301499868275,0.5351071990662077,0.5756207400177744,0.6306714895435379,0.7110644931167676,0.5235655181049582,0.4910558171320603,0.5657213450290943,0.5645274574762761,0.6286643530606643,0.5689368420827111,0.5060705497673985,0.5260825924875582,0.4344882308540825,0.559850789997076,0.5824640702017111,0.502182595561319,0.3009912499019279
sample8.wav,1,0.4690563423431476,0.38224005181137155,0.614412794552577,0.4745787493436809,0.5552420734090409,0.5154837506071159,0.5432596180370269,0.4817016371824534,0.5930365120358115,0.49607665075638385,0.5258269195229923,0.6810986224062304,0.6083987574710338,0.2598738041208353,0.4356214714215637,0.5545567293480922,0.36654567639707103,0.39318925528534676,0.4723409086794846,0.5755363617690263,0.40086307165964424,0.5516851935303431,0.5519856892220126,0.49880290965613816,0.2250194888767844,0.46657243570964174,0.5767862479861658,0.3772628779584933,0.6126606032835563,0.4484287414432984,0.603995464574157,0.5146660181952881,0.5141733160555028,0.5992317618572752,0.48172008755412593,0.4919163422396636,0.5265760292296159,0.2923862424168223,0.6262457334714246,0.5983112003641887,0.4319645338808333,0.43672939140861355,0.6828243890258344,0.3805447117387131,0.5357642455753341,0.4094582571565835,0.5322251772819795,0.4775938319822102,0.43185123518916674,0.5470346265316245,0.363227609041457,0.4063880002387268,0.5349253265441984,0.48681663383181156,0.4604915378513419,0.5699308651002494,0.4894169935256744,0.49017995433822464,0.46126914846244715,0.4843843891336775,0.48353163364328616,0.25127846835221024,0.3527349005434099,0.5859778006967723,0.4443041076862587,0.38160763255733077,0.49408076526805494,0.565575499216102,0.5721282124438003,0.5190503542371165,0.3349743452639934,0.5292111033259872,0.40250205805315614,0.5548755725151036,0.5082365383457483,0.6249803372923058,0.5259309736453108,0.5342490939665097,0.41727144297287144,0.6983497712663698,0.36882402168201034,0.6125625712786665,0.5862755081751158,0.4550882784971941,0.3787799608000234,0.42610739971338674,0.49463643474960023,0.580260681877028,0.35797531255515247,0.6543216434607597,0.3560718226999868,0.5518320120745834,0.550987204615988,0.6423086136015905,0.3946825247383854,0.46230252266236577,0.5499271197495763,0.44619576274605594,0.46322224953305496,0.40510041260874075,0.4511852260199649,0.4107293336363489,0.6088921845635609,0.5227065903114604,0.40620467528997184,0.5139534445219981
sample9.wav,0,0.5809216389754304,0.4429651175702741,0.6094654321350218,0.6076444598404158,0.5981642249107252,0.4736890562598084,0.503586715810711,0.39348321605611847,0.44857788470618165,0.33631891555165483,0.5068820632046499,0.3458252878456781,0.5860858948048111,0.6812874356565682,0.4025538715672418,0.5804331496878038,0.39343711736964093,0.5041708927973158,0.335038806325897,0.6986180929921956,0.5046932058478125,0.5009171728907875,0.4645749944325608,0.4346253315428845,0.398833310866744,0.5152816339805544,0.5502736264774516,0.7111783754034687,0.5248972179328001,0.4464427935055333,0.4971957712970008,0.5285026515104712,0.5748753952844421,0.613562587936615,0.4456491606147455,0.43830729450239886,0.49578566525342027,0.5930559896125687,0.5642856510961832,0.5150742199675772,0.5012313355214141,0.592373342275385,0.6830923375380722,0.5688717412888826,0.3666591078244486,0.6267492084281692,0.5082015640256898,0.42689026306942723,0.462102318067258,0.4071594934304201,0.3782995149358933,0.437017478287435,0.5355530719225723,0.5209770827328593,0.6810206322604972,0.456870991428714,0.412279769329774,0.450100352447363,0.574084496215815,0.6207117884652475,0.5596111563953221,0.501256345505728,0.48977503314664445,0.585371236516617,0.2754997258666493,0.5398167727862833,0.5108520182701761,0.499991409549508,0.5269017483670786,0.5068915713945523,0.4065752115928104,0.6045777373299142,0.5451495105444512,0.4448275147447776,0.49843361083959176,0.56115344714086,0.5116296283298463,0.46632825736514755,0.6225618099480557,0.5852764657149329,0.44301745545836035,0.40936739712975334,0.5284515852275153,0.3375375708357206,0.49127848884554315,0.38050813547946516,0.3797415367743098,0.33965083661962436,0.6788651485409978,0.47600195384864696,0.4525651120158575,0.6224360138808496,0.6206048736556942,0.6211534426056107,0.6442169949635532,0.5711038845309064,0.5860299271260516,0.614798159353639,0.6383552417471189,0.5865014290173713,0.6875680205315264,0.5178051220183619,0.40927744070925026,0.4479334985559381,0.5509582597366716,0.3458606473466722
sample10.wav,1,0.35137623952589636,0.3165816823330841,0.6241554286600022,0.675216428447258,0.6111592392488954,0.7119015525949179,0.43914725946912125,0.5408207278436316,0.45331581537969395,0.5889070951728914,0.4515407523098946,0.5517170992691697,0.5258618541880897,0.4367894366224726,0.5850991596274482,0.5411364146634259,0.4857681741546258,0.4856762926462077,0.632381732923918,0.42722699544494025,0.41080200027914443,0.47419369219308577,0.4789440306501137,0.5319306819392021,0.3266896549826328,0.4197592267481345,0.5151050163116405,0.6563114061855556,0.4700794698856917,0.4581442198153471,0.4560995810068665,0.5367322696735165,0.5694827140679678,0.49166856501874706,0.38924144671949623,0.4057624654884941,0.46589760805505054,0.4269820578062061,0.5669200540379357,0.37797276199564234,0.47284896732665754,0.5011638958598962,0.5084889810336827,0.6510215654656027,0.4599347787818503,0.6250869713722776,0.4726945141858827,0.48172708670756165,0.4842716541204526,0.5705701741781051,0.4309078887371095,0.6488596075488948,0.47411062324240566,0.8593270732274194,0.48313615936185356,0.6262391449201279,0.38693939541291494,0.2781524211862,0.5156153572696476,0.4054942738828068,0.38101945296791595,0.7361730302939831,0.403589403369326,0.5647262235584807,0.652594367680595,0.6283367838240135,0.440552329534677,0.5209609016075784,0.5115369515892547,0.6932255888054722,0.6159936684532784,0.5498220554734662,0.5432360363711678,0.6439158454497677,0.48963467535584515,0.439543074751982,0.6693269335870727,0.3790277521230821,0.2480808466919842,0.4627394894347632,0.5149866455953533,0.3312317075283806,0.4872005045207141,0.46967696049855184,0.4277644062882987,0.5009581066188835,0.4663896435615117,0.3707521685106563,0.4141483493219159,0.45884418019013196,0.5160679713777615,0.5966834030036363,0.32369285258888836,0.4290512469877644,0.4652767875552999,0.5730781541443952,0.5023531987697067,0.3663934678186407,0.48874930500364566,0.32870705315445903,0.6044029097073527,0.7239404785686919,0.42964538754687126,0.681784261965914,0.45767294158272076,0.5197781024385869
sample11.wav,0,0.45838529162464464,0.4438286227446525,0.48685794279715544,0.5429499252611452,0.5237936246548786,0.4179765492752988,0.4380742460994861,0.38570530758851096,0.6997780839227995,0.3622384370788183,0.39195005371283476,0.51926146586257,0.4426768041859247,0.4657830621859908,0.6583141556235971,0.4561354103931661,0.3351321664484248,0.743412590989063,0.5736378522780526,0.4160205832174484,0.6102372640892522,0.40868299943162817,0.32028613188345556,0.5571161535420154,0.41027149517734895,0.5007728256787581,0.31480614598349504,0.5838186184237186,0.4345757146843232,0.6397280167541488,0.5096223345881711,0.5998164616956893,0.520814396711833,0.5494343542129863,0.38521126156998353,0.3590135305415689,0.5382276664178509,0.6097143488696378,0.5377861931150906,0.46308142269879105,0.3244679560967391,0.4899705154080315,0.379833956397835,0.556746487727364,0.48066238870173783,0.3901789369500399,0.44174913130149845,0.5650326669898637,0.6546303892683667,0.5428595171008312,0.5724924487311434,0.6929946352301001,0.35116808928605425,0.4710149733242967,0.5744434752922397,0.6325446254456676,0.6459482137093518,0.4903409687616261,0.4036225226818788,0.41395455183267554,0.4721802849969905,0.4537282791347361,0.5104714297790022,0.5699723231547399,0.2544906521786734,0.5207762075116845,0.43714267427566045,0.4614210544766018,0.3605336392910883,0.3930454405395003,0.2940709518411108,0.45114123343566503,0.39439762172668497,0.39507816676502266,0.37918376528836545,0.5900242138549832,0.45415272030098613,0.523666202614748,0.2703436335068536,0.8533943677065339,0.5156749627534883,0.5340395209811851,0.455600420301083,0.28344693105915,0.3375226963577279,0.4205480982851731,0.64614403066147,0.6153807329322055,0.2922674505815598,0.6566146705134859,0.4538059412540856,0.33076581961829554,0.5636325687640156,0.5009592855422865,0.5784656601096047,0.563661212877837,0.6161090469669183,0.31952510368400266,0.5394503831178721,0.418481225985583,0.4243238002501118,0.4205266281517994,0.49988435518886615,0.5562703782394106,0.5678082242321525,0.30487335910408153
sample12.wav,1,0.4875466665895145,0.7687908161746411,0.4892021841421705,0.580358826958234,0.5737063955246502,0.4776166986365061,0.3666579946314857,0.520131486034345,0.4339279081665155,0.4282484149979436,0.5171144891508693,0.4039840932396859,0.36921348369402435,0.3568317782569842,0.4406268481569511,0.5135648221867782,0.5980713318252454,0.5553804070793277,0.4053662905895704,0.6095245196358371,0.5216626709073547,0.4577726268949607,0.6108281421175881,0.48797145373264833,0.5194553186089895,0.5599826846617093,0.3910500981075908,0.37656632536801227,0.4481330886360941,0.31331306542514475,0.4360408941885714,0.4290892299849888,0.5911971125041247,0.5440024346548724,0.6980834907518646,0.6126491055392496,0.49595466874153327,0.3016222109296042,0.40763448822732307,0.5675891042007672,0.33235257756222725,0.6657266759136984,0.6002566151891836,0.47560405221199414,0.3879795202915611,0.5996632335963105,0.38395248637441476,0.5174494117722149,0.6541952120916177,0.49891616505944486,0.44223808970431994,0.5525966626573238,0.5106420027106094,0.5075397890182077,0.4677323295346303,0.6316617282273792,0.642844087320315,0.5320586397086359,0.4674983832673045,0.5704884949118808,0.3174878153333758,0.558280431354921,0.278412059151132,0.5902830651078266,0.6098846977626811,0.3792180094509205,0.49410781149873007,0.5122578931415964,0.5208043211109727,0.4882160150297656,0.4998943420390551,0.7171604352861348,0.5502274529946407,0.6209294885742498,0.42568130373903246,0.3315550486752956,0.6559653783103885,0.7202555245935297,0.3730840143173023,0.7483632961764146,0.48199708885246584,0.47364536243679284,0.5130748013434332,0.6495287643414198,0.5706416089775728,0.5941998688165566,0.5396507486479631,0.43656186796220187,0.42020828214292844,0.573403679756111,0.5527557541706715,0.5631087607003912,0.518764122793568,0.5969689370099096,0.4113046098036759,0.5706459504508471,0.405773674802197,0.40237848246463775,0.3796834303289371,0.42748417618835893,0.6629134035213481,0.5601919064490406,0.4592787848119912,0.36739101806480623,0.5750476909659602,0.6462151666205039
sample13.wav,0,0.39058541120862583,0.5773530103909842,0.6749267426184371,0.3644147646196322,0.4253112730242026,0.48522227330318546,0.6238034271041255,0.5129854684874146,0.5105624989868567,0.5948312666173962,0.5847961233979129,0.49922765036064143,0.4382193319198856,0.3099944448979862,0.7066929492386785,0.5063042169167384,0.6847967909897432,0.6026843288385493,0.6303120118187591,0.369157007267222,0.6622928322891365,0.5923710148308122,0.3858079114064565,0.5318480531907124,0.633946365053727,0.6481283556216357,0.4616322139157274,0.703023572350928,0.523514534356616,0.36287932964491004,0.2197680805262076,0.6334519717142623,0.39653475648578873,0.4184931064974676,0.3887960068000373,0.5200238334460586,0.4091529531083792,0.39664942553024196,0.6245122493512139,0.5962670653632606,0.5164933588202749,0.5753410379579833,0.426794768179309,0.5044732441851547,0.3678109111970689,0.47875569981206223,0.6355648387390317,0.41332662116339136,0.5325837616507534,0.5480833583172642,0.4566998471709875,0.6494723009940793,0.5363152227448562,0.41712247822661574,0.5827775353164967,0.5354169985442706,0.43394930930632636,0.7033268298919289,0.33751313718007414,0.5997612384513594,0.6737797540227419,0.22840608346436775,0.6487828155251258,0.5245621525624968,0.3931100644076378,0.5702772237989889,0.4789040523268592,0.46325810279379676,0.5726780749798976,0.4639091903453741,0.6201386011816483,0.5936733980888477,0.5376308522198302,0.43739323477257985,0.3176273900596949,0.4008411756642352,0.4493543092535594,0.36389764641117606,0.5300522908960579,0.5617183297895504,0.6904571611950353,0.5200648706677234,0.6549335602301743,0.47897438211789367,0.4998973587295964,0.40566984843492676,0.410024518995676,0.5079470223029094,0.4551503082766319,0.538008366417742,0.5299042623493269,0.579499392612017,0.45374471567634805,0.4289170443103164,0.6425146984112241,0.6202789429334951,0.4428612420959408,0.5226271402651866,0.5869480202042094,0.6000347570187401,0.5189068063263422,0.530642794578728,0.6889337100718451,0.5292052112050943,0.5117578912748032,0.5566307540025673
sample14.wav,1,0.5436436444669454,0.5260819253582784,0.5809509466459258,0.46572262357494437,0.5101485910738521,0.4366355085458055,0.6068481685061375,0.4773270991702972,0.3185663017604484,0.5932651506608349,0.5423907927197658,0.3764347500840985,0.7606281353766214,0.34940528889758293,0.47453171155355933,0.4841781759471398,0.7010764161756942,0.6399437588392106,0.5024951320598424,0.5059359773791773,0.34776069521940756,0.511136524692693,0.5083466417318966,0.38299694567269565,0.33722987578372315,0.5463737478033579,0.45216394024676076,0.5526155868073994,0.3954730758276843,0.7556744319736182,0.5944717738792488,0.5969376439966925,0.35391890484398847,0.45478346868396946,0.50836888489799,0.4309520878872917,0.6828943068422281,0.662162310186782,0.5703485718970156,0.6883578092445071,0.4038176521843489,0.4892994111633455,0.7051168791246152,0.4963616259618714,0.5368464472111796,0.6645211225415781,0.5040495843174823,0.4538514475542247,0.4691596380321071,0.40377008525415353,0.5298718142642574,0.42889540309906593,0.32664965113904876,0.5092052830387929,0.5037813248746453,0.5338732379942239,0.46254998241845946,0.46846387300957665,0.34898212959754205,0.6009577631607133,0.45967548694557175,0.5676707762274875,0.44128166040147937,0.6119907855344773,0.5857230280383429,0.5262394274314443,0.5316664043656629,0.5025253833671642,0.3624152138739196,0.5210852194898369,0.3290179252578699,0.43835107343999913,0.3920871267098157,0.5446117984241567,0.4949206642767464,0.49449691958148484,0.586263549969431,0.593743264166882,0.6014433073604792,0.6527781614304773,0.622944045457831,0.480612310160928,0.5690567532440294,0.4009965496032078,0.5154052524165861,0.4482052716629036,0.45007686580854334,0.6012761583666129,0.4095289804442439,0.6273746818683796,0.5910175718216328,0.5401192834494516,0.4534187647308246,0.7584593783494922,0.4645497821141936,0.504656464624971,0.48935732831215095,0.425648687443556,0.39958602669325105,0.5092738124326361,0.485216627789798,0.45932549279619245,0.3613997655777518,0.44813217133493655,0.48608466328307226,0.4960188133422404
sample15.wav,0,0.6232467249374005,0.5471413880563578,0.5315970505949003,0.49306671543505937,0.4170038982118939,0.5282005147138775,0.4739323616093427,0.42414518248495775,0.5458651792717392,0.657667412915405,0.27934369907789136,0.45882394915268276,0.44649665913558934,0.5187006595708363,0.4629867025411831,0.4511998470948054,0.578243562191184,0.5992095914873287,0.18117214848383617,0.5897335922319389,0.41645476879503446,0.4631137249738044,0.4387436075487661,0.41664081998635616,0.415571013915881,0.4838060323307264,0.5222532700823354,0.5468874975574048,0.36121432739362314,0.43395930451009324,0.5115652520717305,0.5653469990198684,0.4329020725659004,0.512233147068738,0.6005998659694229,0.6252753630524163,0.6077793919601449,0.593466588641889,0.576751127994692,0.4724931174081284,0.5215955024312963,0.6006715217930158,0.6372799457940753,0.4471741569273314,0.491639322488143,0.6130507099677792,0.41142574152305217,0.38187862413949003,0.611235850855711,0.4008157584300973,0.6338509774777618,0.4287609371115766,0.5880153988785616,0.5652821660351555,0.6420824878399726,0.49979494871292274,0.47956249757795194,0.37007470678124754,0.5004994683537998,0.5320735051476189,0.34324753177853007,0.5634750646491351,0.5674847879999891,0.3315312346272944,0.596617463076159,0.40171023305715375,0.5712098761187954,0.6356832386170644,0.5503605875995558,0.48827264721017766,0.5011562989041882,0.5197477491165062,0.4298974770129854,0.6781058825523127,0.4383042733787594,0.5328862629177231,0.4667138443299836,0.42809918919888934,0.733062139083506,0.5034985841219058,0.439158870559126,0.6304486024963212,0.5796031771081516,0.5674837609779635,0.5673687664107473,0.4153989919963754,0.5294353339264869,0.5578577324968503,0.42691208183677587,0.2928793931700412,0.5932037800675611,0.36528602627308226,0.5051253841285661,0.45285057703950854,0.5590432660124733,0.725027683875489,0.5107278345598639,0.6176449535718149,0.4417746908987567,0.5276711596383219,0.48538381742601444,0.5481376201967297,0.4001627457821286,0.38511586151198063,0.5636480092318644,0.44836999030673963
sample16.wav,1,0.49017833794595755,0.5673797891205841,0.5519164150184619,0.5000623201373724,0.35634579629508256,0.6407262236161213,0.594761363385107,0.5379377462012702,0.5375465857627905,0.5636176519701899,0.5461685173976594,0.3065475920870856,0.5619564434678386,0.49481639928991206,0.5453746479809728,0.5024276922968791,0.6783629362087874,0.5058772113394114,0.4304053144076992,0.38921977381054873,0.5720163335948987,0.5944385934111038,0.5358981533305855,0.3249590219658942,0.4672102627532705,0.7413547066577235,0.6197641422234111,0.38378059590554264,0.5043964474370596,0.34576444440516674,0.5394619612864859,0.6748494672159413,0.47185849103785094,0.5204555425285649,0.556908214735597,0.4252855680684514,0.7131777819085743,0.5415868233689524,0.5626275384647168,0.4926714767996105,0.4654395910655342,0.6051456874640155,0.39701440011506006,0.46506399925904107,0.4819987816387068,0.5169770570567067,0.5831480956979519,0.6146284959327801,0.3831696532375211,0.3937272214038525,0.3343848151767818,0.520092551522343,0.6108363581850629,0.6163415478683294,0.6479295605674028,0.7410398045986581,0.4479134086323263,0.5902203802989313,0.6110292795089941,0.37375801627711536,0.5354133382718282,0.21376237806920773,0.5607976879843256,0.4418360176365139,0.6983261046084065,0.4110904526859502,0.6184282164618234,0.4762891509640176,0.5268690719346356,0.44367804839444847,0.4202171582648946,0.45220327226750406,0.2886708797613128,0.5681901445634291,0.5245797932417681,0.3721930025042229,0.6287113178295733,0.43868424117979615,0.5422424587225488,0.3736384265006615,0.35362650326901945,0.6040888681230193,0.3999201474564922,0.4153306071911756,0.39562629339664757,0.34646902255124445,0.5225097953594443,0.418954968199441,0.5467126586293024,0.4933826169924666,0.3770361682347604,0.5934412147608229,0.45911416927702753,0.35660394743135976,0.5738608675135703,0.600977320835889,0.658490760495302,0.6810320457045753,0.6148862350432763,0.5758150545813134,0.5987884303216251,0.322214609043895,0.5599701186636057,0.3711941594094643,0.4904664412530702,0.5261111881813411
sample17.wav,0,0.7191324889839181,0.46512142387627764,0.715034025100121,0.6799337799594065,0.4219446857486058,0.5324698835960956,0.7224584669565695,0.4462276771765815,0.4754336345607579,0.4733963504392195,0.36204776678952166,0.5732231884208342,0.5351015230656845,0.44313903998434195,0.546295835034185,0.4073547541543009,0.43934813168538817,0.5416082778496614,0.4318276683200151,0.42911220644460374,0.5715480076888266,0.4221669180471529,0.49041159343042284,0.621707059707542,0.38373580771905347,0.5364415797354762,0.5098944335155408,0.571711573263124,0.6075633857148371,0.3789913086031854,0.4169984487672662,0.3681764616445235,0.46876736202163904,0.4317398675973571,0.4212285416918689,0.36643808010657875,0.47118609072710316,0.5122966535484466,0.5814930524944297,0.5990026699177704,0.7359174471782404,0.42702247145285405,0.7071591795494327,0.5677873385069921,0.3048697500509222,0.40989206371377485,0.38237493451653526,0.649578074645993,0.5471922287672154,0.49558168290148924,0.4932017886587338,0.5450942862014975,0.6741616544989518,0.47746763454276,0.5676363567815645,0.43145415191959446,0.49543020618671924,0.376776438525092,0.7617061280880306,0.7188182394680308,0.6190986049183462,0.28201981811083476,0.5070735262266464,0.34313351827956495,0.5101586836845196,0.43024543443887037,0.33525300367748956,0.5651981928299239,0.5372453636298892,0.36742286971561683,0.4007235564627602,0.4304364943257525,0.4551504065121059,0.5413968110992088,0.5235703989510491,0.4471885192919879,0.5213257011974467,0.5427112670929131,0.5778875351711384,0.504213108303642,0.5090546515322577,0.4015693889595482,0.41466527559709887,0.4622239524969773,0.5238838953838932,0.43543506804887067,0.6134154869851973,0.44106208404596475,0.4294682314116623,0.5556227091871628,0.38510988261802387,0.43204088428691395,0.371670652430996,0.548014867604412,0.42978698414339117,0.42441016243156093,0.459542361904845,0.441095527943557,0.4714981296929729,0.7243072524211631,0.40256805333840406,0.6035873492587756,0.5133300085797313,0.5469014177017261,0.4138500570830876,0.5319636789365924
sample18.wav,1,0.5352985266935255,0.5860642470748538,0.49011906052605614,0.3634425071556481,0.8067933471608499,0.6814939235700722,0.5205853967573266,0.7123939747098474,0.5128291326342601,0.6100719120653095,0.5237191277679778,0.5051712116639251,0.40141981809241845,0.3583552594508874,0.45338124705444094,0.3785794558926705,0.565635943028855,0.39604699545009875,0.3256874772186891,0.3246536801457161,0.45160185067840314,0.5979809332322145,0.8953707388686223,0.464158004609367,0.6692188357024145,0.464137365413364,0.4689633770085272,0.6336410264222427,0.4152339763688627,0.5554388824937614,0.5972244948603576,0.669500932764361,0.32508515336381016,0.4859321743659784,0.5787403812317055,0.5511329910399492,0.3956365104318127,0.565951072786607,0.4101806246777363,0.33931251603808865,0.38445373974114727,0.4749250553957594,0.5793508675925035,0.5699497408822201,0.403713926016414,0.3826404462871939,0.25232381602990417,0.4296958086618618,0.3557292959116446,0.7688541307388341,0.5369475943514732,0.622545083798101,0.49684830802919516,0.47044271252440406,0.5476451585534339,0.40287971613727713,0.31558428035160624,0.48921457150920866,0.6574443284631653,0.5299999069714184,0.5036479591717365,0.47371401015761383,0.5439329954277661,0.5471353882800141,0.3787600202344131,0.5263050352189497,0.3478144791008455,0.45632358720280886,0.5188041156931407,0.46839620026306783,0.5534994223791035,0.5145291987481899,0.47968293537707385,0.42907534912951256,0.8412498627062903,0.5781731443900048,0.6297086031516006,0.42728936845356436,0.5262602148693312,0.5848162257843939,0.4057713300167401,0.5595657703245185,0.5098097899031845,0.6209621703967956,0.44187799847304243,0.6588001918399451,0.5588461438196254,0.4365949841813552,0.520854778275413,0.4520515719228334,0.5420636574930705,0.47966022805724323,0.3934141447280668,0.5206768153700162,0.628799278598127,0.6342374616108828,0.5916677172301597,0.4258652345702352,0.541720001764912,0.5308814794773843,0.6228869525401084,0.5104984716337181,0.4933942644924115,0.3202705466782773,0.5266646290804331,0.4516092526329534
sample19.wav,0,0.5459219178012042,0.585568745224177,0.6739804569336824,0.4344028634902473,0.3989303135130485,0.568572962418287,0.4647216504218649,0.520972594188662,0.4253009092833905,0.22672770317035634,0.45795884977674417,0.46801710251975215,0.4297007502486069,0.5679415711851464,0.43942223608160674,0.5260220012045269,0.5493050818650466,0.49030804869811695,0.5114507236274405,0.5469176959190887,0.5876360713200331,0.5322567452832333,0.6267703796152337,0.4470446380169525,0.5766668586184731,0.5478707370334613,0.46433007851113745,0.33681935694768106,0.6694216856053931,0.38340956602590975,0.41386668608274735,0.5151551144214398,0.536921716576604,0.4038970736296959,0.600625941338939,0.5126136289102713,0.4807422982544976,0.6752657840472545,0.4347456961907925,0.5093230409843355,0.5414473391829648,0.5174715331699467,0.6180184124829133,0.3416172957828386,0.35203817247171443,0.49386282922514213,0.3621388431511321,0.6021021670513459,0.5680079860143644,0.5588666725390378,0.3665264930059904,0.7245742262905706,0.4682735886466961,0.5571781896695223,0.6157167855323327,0.6196707196962818,0.42861394980562856,0.3675189523056188,0.40387860708710754,0.4729289920273328,0.5609243207892243,0.43691934310542213,0.4956696607657788,0.4110377813730169,0.5177950881996306,0.4442307631692812,0.4207863963156062,0.4424754625845747,0.4720039555451737,0.5763697435651474,0.47323951915075707,0.4055299435065581,0.49435067325287924,0.6080509484802848,0.40796675480437167,0.5184145976246594,0.39535300284754893,0.4644365087545197,0.4732265741313156,0.49803347493878714,0.34760416355070445,0.6123767430019471,0.5485520539145872,0.545544246019827,0.40452124150228863,0.3148936044995033,0.4130768534564011,0.5670121893139987,0.4226775424630031,0.4240134924102252,0.5025790761328728,0.5192570325107835,0.3564427234555977,0.41395734842959564,0.3310794142051723,0.5262620203619897,0.4276722217896107,0.4627412686998205,0.614962687669295,0.4997983677603971,0.5466995905983926,0.6390870268715403,0.38983705030311816,0.4963803076846062,0.3603950081012134,0.4886122179360984
sample20.wav,1,0.6006517843475333,0.4751977308647386,0.5452042072364099,0.6428847986335811,0.5082691528911851,0.5635486597489324,0.6010919588473236,0.5652434850382889,0.597966661310114,0.5616509318389962,0.48292921978572373,0.4952557398574928,0.4812365488402125,0.43892193151021053,0.48349817045969984,0.40742915137816205,0.5977222377167282,0.6396121876170104,0.5233282824508739,0.5218222873511946,0.5202103189902435,0.46195254300772304,0.4409887992826162,0.632390938459249,0.7232051739562357,0.3647587294736857,0.3941873274652936,0.5797780830889858,0.5587149550598789,0.4365423939777369,0.35307043728529575,0.7568293973491927,0.46126149233838765,0.6027220883784317,0.49762401949559315,0.71176149093819,0.49569596537980426,0.5257904553536129,0.5049082101166273,0.7635914612605115,0.4072120265474645,0.4602950519037263,0.5411451439517593,0.6676804527205689,0.48731881526007415,0.5432106566877635,0.3264911503852532,0.26543602006250067,0.5125067694916463,0.47341402763507123,0.5704097549051218,0.6221036638671396,0.4278275373145849,0.43844745881768654,0.34645783398047325,0.4797745406197228,0.5301537825683433,0.4980326616025335,0.5372935506924517,0.6261255139023194,0.29240544862223383,0.463792913868307,0.45403218877837637,0.6208737452521499,0.4708551574594437,0.5207406030266418,0.4260080619126246,0.453468793314084,0.564677514842277,0.41423573036408234,0.4112124989845437,0.5205455199114392,0.5290479524944668,0.48098295961127835,0.5486810820475105,0.5440890411384804,0.3836619195806662,0.4292760546549061,0.598126896108816,0.42981098458491585,0.610364817850535,0.5829619172545095,0.5204310226041038,0.38946694805839516,0.54128195349221,0.579901707132016,0.43496658774149327,0.6094598867971558,0.4893474636014627,0.43102520036798436,0.3289455860740478,0.6213472065294521,0.5227589281567109,0.6705186793330842,0.5132326403468055,0.5633617024665797,0.7288792134899398,0.4385479118934553,0.47481481848498014,0.5410908415054807,0.4825048365357084,0.5697494387252009,0.5124407950207894,0.5569388253524122,0.5125512644060006,0.5957319891336099
